profile,rom,epochs,restarts,val_loss,params_total,params_nonzero,forward_ms,abs_L2G,rel_L2G
baseline,DOD+DFNN,10,2,0.7043215036392212,28252,28252,11.246985000070708,1.1137208498594982,21914.855315889487
baseline,DOD-DL-ROM,10,2,1.1177960634231567,28796,28796,13.089369000226725,1.4252024894895106,70860.39642719486
baseline,POD-DL-ROM,10,2,0.19026468694210052,908,908,3.248714000619657,0.9654884633527343,50496.26835464873
tiny,DOD+DFNN,10,2,4.100588798522949,18612,18612,9.784636000404134,2.374974061831089,131655.0443042852
tiny,DOD-DL-ROM,10,2,0.7170708179473877,18732,18732,12.193192000268027,2.2886502835295595,150871.38868688274
tiny,POD-DL-ROM,10,2,0.26005077362060547,904,904,3.004950000104145,0.734954652967471,33738.084230064786
