profile,rom,epochs,restarts,val_loss,params_total,params_nonzero,forward_ms,abs_L2G,rel_L2G
tiny,DOD+DFNN,500,5,0.029687482863664627,18612,18612,9.677669999291538,0.16133255595013257,20679.999366211883
tiny,DOD-DL-ROM,500,5,0.033038415014743805,18732,18732,12.034665000101086,0.7006480967125683,16234.088482095869
tiny,POD-DL-ROM,500,5,0.005895134527236223,904,904,2.7682840000124997,0.14554644143526552,5451.952476871724
tiny,DOD+DFNN,500,3,0.2480928897857666,9908,9908,13.745841999480035,0.6282869544304797,41388.23939915904
tiny,DOD-DL-ROM,500,3,0.3030649423599243,10028,10028,16.746491999583668,0.3632408767041427,30573.29452625184
tiny,POD-DL-ROM,500,3,0.25421860814094543,904,904,12.496375000409898,0.3852671427437547,58958.15322460929
