profile,rom,epochs,restarts,val_loss,params_total,params_nonzero,forward_ms,abs_L2G,rel_L2G
tiny,DOD+DFNN,500,5,0.029687482863664627,18612,18612,9.677669999291538,0.16133255595013257,20679.999366211883
tiny,DOD-DL-ROM,500,5,0.033038415014743805,18732,18732,12.034665000101086,0.7006480967125683,16234.088482095869
tiny,POD-DL-ROM,500,5,0.005895134527236223,904,904,2.7682840000124997,0.14554644143526552,5451.952476871724
